,년/월/일,종가
0,20181026,"2,027.15"
1,20181025,"2,063.30"
2,20181024,"2,097.58"
3,20181023,"2,106.10"
4,20181022,"2,161.71"
5,20181019,"2,156.26"
6,20181018,"2,148.31"
7,20181017,"2,167.51"
8,20181016,"2,145.12"
9,20181015,"2,145.12"
10,20181012,"2,161.85"
11,20181011,"2,129.67"
12,20181010,"2,228.61"
13,20181008,"2,253.83"
14,20181005,"2,267.52"
15,20181004,"2,274.49"
16,20181002,"2,309.57"
17,20181001,"2,338.88"
18,20180928,"2,343.07"
19,20180927,"2,355.43"
20,20180921,"2,339.17"
21,20180920,"2,323.45"
22,20180919,"2,308.46"
23,20180918,"2,308.98"
24,20180917,"2,303.01"
25,20180914,"2,318.25"
26,20180913,"2,286.23"
27,20180912,"2,282.92"
28,20180911,"2,283.20"
29,20180910,"2,288.66"
30,20180907,"2,281.58"
31,20180906,"2,287.61"
32,20180905,"2,291.77"
33,20180904,"2,315.72"
34,20180903,"2,307.03"
35,20180831,"2,322.88"
36,20180830,"2,307.35"
37,20180829,"2,309.03"
38,20180828,"2,303.12"
39,20180827,"2,299.30"
40,20180824,"2,293.21"
41,20180823,"2,282.60"
42,20180822,"2,273.33"
43,20180821,"2,270.06"
44,20180820,"2,247.88"
45,20180817,"2,247.05"
46,20180816,"2,240.80"
47,20180814,"2,258.91"
48,20180813,"2,248.45"
49,20180810,"2,282.79"
50,20180809,"2,303.71"
51,20180808,"2,301.45"
52,20180807,"2,300.16"
53,20180806,"2,286.50"
54,20180803,"2,287.68"
55,20180802,"2,270.20"
56,20180801,"2,307.07"
57,20180731,"2,295.26"
58,20180730,"2,293.51"
59,20180727,"2,294.99"
60,20180726,"2,289.06"
61,20180725,"2,273.03"
62,20180724,"2,280.20"
63,20180723,"2,269.31"
64,20180720,"2,289.19"
65,20180719,"2,282.29"
66,20180718,"2,290.11"
67,20180717,"2,297.92"
68,20180716,"2,301.99"
69,20180713,"2,310.90"
70,20180712,"2,285.06"
71,20180711,"2,280.62"
72,20180710,"2,294.16"
73,20180709,"2,285.80"
74,20180706,"2,272.87"
75,20180705,"2,257.55"
76,20180704,"2,265.46"
77,20180703,"2,272.76"
78,20180702,"2,271.54"
79,20180629,"2,326.13"
80,20180628,"2,314.24"
81,20180627,"2,342.03"
82,20180626,"2,350.92"
83,20180625,"2,357.88"
84,20180622,"2,357.22"
85,20180621,"2,337.83"
86,20180620,"2,363.91"
87,20180619,"2,340.11"
88,20180618,"2,376.24"
89,20180615,"2,404.04"
90,20180614,"2,423.48"
91,20180612,"2,468.83"
92,20180611,"2,470.15"
93,20180608,"2,451.58"
94,20180607,"2,470.58"
95,20180605,"2,453.76"
96,20180604,"2,447.76"
97,20180601,"2,438.96"
98,20180531,"2,423.01"
99,20180530,"2,409.03"
100,20180529,"2,457.25"
101,20180528,"2,478.96"
102,20180525,"2,460.80"
103,20180524,"2,466.01"
104,20180523,"2,471.91"
105,20180521,"2,465.57"
106,20180518,"2,460.65"
107,20180517,"2,448.45"
108,20180516,"2,459.82"
109,20180515,"2,458.54"
110,20180514,"2,476.11"
111,20180511,"2,477.71"
112,20180510,"2,464.16"
113,20180509,"2,443.98"
114,20180508,"2,449.81"
115,20180504,"2,461.38"
116,20180503,"2,487.25"
117,20180502,"2,505.61"
118,20180430,"2,515.38"
119,20180427,"2,492.40"
120,20180426,"2,475.64"
121,20180425,"2,448.81"
122,20180424,"2,464.14"
123,20180423,"2,474.11"
124,20180420,"2,476.33"
125,20180419,"2,486.10"
126,20180418,"2,479.98"
127,20180417,"2,453.77"
128,20180416,"2,457.49"
129,20180413,"2,455.07"
130,20180412,"2,442.71"
131,20180411,"2,444.22"
132,20180410,"2,450.74"
133,20180409,"2,444.08"
134,20180406,"2,429.58"
135,20180405,"2,437.52"
136,20180404,"2,408.06"
137,20180403,"2,442.43"
138,20180402,"2,444.16"
139,20180330,"2,445.85"
140,20180329,"2,436.37"
141,20180328,"2,419.29"
142,20180327,"2,452.06"
143,20180326,"2,437.08"
144,20180323,"2,416.76"
145,20180322,"2,496.02"
146,20180321,"2,484.97"
147,20180320,"2,485.52"
148,20180319,"2,475.03"
149,20180316,"2,493.97"
150,20180315,"2,492.38"
151,20180314,"2,486.08"
152,20180313,"2,494.49"
153,20180312,"2,484.12"
154,20180309,"2,459.45"
155,20180308,"2,433.08"
156,20180307,"2,401.82"
157,20180306,"2,411.41"
158,20180305,"2,375.06"
159,20180302,"2,402.16"
160,20180228,"2,427.36"
161,20180227,"2,456.14"
162,20180226,"2,457.65"
163,20180223,"2,451.52"
164,20180222,"2,414.28"
165,20180221,"2,429.65"
166,20180220,"2,415.12"
167,20180219,"2,442.82"
168,20180214,"2,421.83"
169,20180213,"2,395.19"
170,20180212,"2,385.38"
171,20180209,"2,363.77"
172,20180208,"2,407.62"
173,20180207,"2,396.56"
174,20180206,"2,453.31"
175,20180205,"2,491.75"
176,20180202,"2,525.39"
177,20180201,"2,568.54"
178,20180131,"2,566.46"
179,20180130,"2,567.74"
180,20180129,"2,598.19"
181,20180126,"2,574.76"
182,20180125,"2,562.23"
183,20180124,"2,538.00"
184,20180123,"2,536.60"
185,20180122,"2,502.11"
186,20180119,"2,520.26"
187,20180118,"2,515.81"
188,20180117,"2,515.43"
189,20180116,"2,521.74"
190,20180115,"2,503.73"
191,20180112,"2,496.42"
192,20180111,"2,487.91"
193,20180110,"2,499.75"
194,20180109,"2,510.23"
195,20180108,"2,513.28"
196,20180105,"2,497.52"
197,20180104,"2,466.46"
198,20180103,"2,486.35"
199,20180102,"2,479.65"
0,20171228,"2,467.49"
1,20171227,"2,436.67"
2,20171226,"2,427.34"
3,20171222,"2,440.54"
4,20171221,"2,429.83"
5,20171220,"2,472.37"
6,20171219,"2,478.53"
7,20171218,"2,481.88"
8,20171215,"2,482.07"
9,20171214,"2,469.48"
10,20171213,"2,480.55"
11,20171212,"2,461.00"
12,20171211,"2,471.49"
13,20171208,"2,464.00"
14,20171207,"2,461.98"
15,20171206,"2,474.37"
16,20171205,"2,510.12"
17,20171204,"2,501.67"
18,20171201,"2,475.41"
19,20171130,"2,476.37"
20,20171129,"2,512.90"
21,20171128,"2,514.19"
22,20171127,"2,507.81"
23,20171124,"2,544.33"
24,20171123,"2,537.15"
25,20171122,"2,540.51"
26,20171121,"2,530.70"
27,20171120,"2,527.67"
28,20171117,"2,533.99"
29,20171116,"2,534.79"
30,20171115,"2,518.25"
31,20171114,"2,526.64"
32,20171113,"2,530.35"
33,20171110,"2,542.95"
34,20171109,"2,550.57"
35,20171108,"2,552.40"
36,20171107,"2,545.44"
37,20171106,"2,549.41"
38,20171103,"2,557.97"
39,20171102,"2,546.36"
40,20171101,"2,556.47"
41,20171031,"2,523.43"
42,20171030,"2,501.93"
43,20171027,"2,496.63"
44,20171026,"2,480.63"
45,20171025,"2,492.50"
46,20171024,"2,490.49"
47,20171023,"2,490.05"
48,20171020,"2,489.54"
49,20171019,"2,473.06"
50,20171018,"2,482.91"
51,20171017,"2,484.37"
52,20171016,"2,480.05"
53,20171013,"2,473.62"
54,20171012,"2,474.76"
55,20171011,"2,458.16"
56,20171010,"2,433.81"
57,20170929,"2,394.47"
58,20170928,"2,373.14"
59,20170927,"2,372.57"
60,20170926,"2,374.32"
61,20170925,"2,380.40"
62,20170922,"2,388.71"
63,20170921,"2,406.50"
64,20170920,"2,412.20"
65,20170919,"2,416.05"
66,20170918,"2,418.21"
67,20170915,"2,386.07"
68,20170914,"2,377.66"
69,20170913,"2,360.18"
70,20170912,"2,365.47"
71,20170911,"2,359.08"
72,20170908,"2,343.72"
73,20170907,"2,346.19"
74,20170906,"2,319.82"
75,20170905,"2,326.62"
76,20170904,"2,329.65"
77,20170901,"2,357.69"
78,20170831,"2,363.19"
79,20170830,"2,372.29"
80,20170829,"2,364.74"
81,20170828,"2,370.30"
82,20170825,"2,378.51"
83,20170824,"2,375.84"
84,20170823,"2,366.40"
85,20170822,"2,365.33"
86,20170821,"2,355.00"
87,20170818,"2,358.37"
88,20170817,"2,361.67"
89,20170816,"2,348.26"
90,20170814,"2,334.22"
91,20170811,"2,319.71"
92,20170810,"2,359.47"
93,20170809,"2,368.39"
94,20170808,"2,394.73"
95,20170807,"2,398.75"
96,20170804,"2,395.45"
97,20170803,"2,386.85"
98,20170802,"2,427.63"
99,20170801,"2,422.96"
100,20170731,"2,402.71"
101,20170728,"2,400.99"
102,20170727,"2,443.24"
103,20170726,"2,434.51"
104,20170725,"2,439.90"
105,20170724,"2,451.53"
106,20170721,"2,450.06"
107,20170720,"2,441.84"
108,20170719,"2,429.94"
109,20170718,"2,426.04"
110,20170717,"2,425.10"
111,20170714,"2,414.63"
112,20170713,"2,409.49"
113,20170712,"2,391.77"
114,20170711,"2,396.00"
115,20170710,"2,382.10"
116,20170707,"2,379.87"
117,20170706,"2,387.81"
118,20170705,"2,388.35"
119,20170704,"2,380.52"
120,20170703,"2,394.48"
121,20170630,"2,391.79"
122,20170629,"2,395.66"
123,20170628,"2,382.56"
124,20170627,"2,391.95"
125,20170626,"2,388.66"
126,20170623,"2,378.60"
127,20170622,"2,370.37"
128,20170621,"2,357.53"
129,20170620,"2,369.23"
130,20170619,"2,370.90"
131,20170616,"2,361.83"
132,20170615,"2,361.65"
133,20170614,"2,372.64"
134,20170613,"2,374.70"
135,20170612,"2,357.87"
136,20170609,"2,381.69"
137,20170608,"2,363.57"
138,20170607,"2,360.14"
139,20170605,"2,368.62"
140,20170602,"2,371.72"
141,20170601,"2,344.61"
142,20170531,"2,347.38"
143,20170530,"2,343.68"
144,20170529,"2,352.97"
145,20170526,"2,355.30"
146,20170525,"2,342.93"
147,20170524,"2,317.34"
148,20170523,"2,311.74"
149,20170522,"2,304.03"
150,20170519,"2,288.48"
151,20170518,"2,286.82"
152,20170517,"2,293.08"
153,20170516,"2,295.33"
154,20170515,"2,290.65"
155,20170512,"2,286.02"
156,20170511,"2,296.37"
157,20170510,"2,270.12"
158,20170508,"2,292.76"
159,20170504,"2,241.24"
160,20170502,"2,219.67"
161,20170428,"2,205.44"
162,20170427,"2,209.46"
163,20170426,"2,207.84"
164,20170425,"2,196.85"
165,20170424,"2,173.74"
166,20170421,"2,165.04"
167,20170420,"2,149.15"
168,20170419,"2,138.40"
169,20170418,"2,148.46"
170,20170417,"2,145.76"
171,20170414,"2,134.88"
172,20170413,"2,148.61"
173,20170412,"2,128.91"
174,20170411,"2,123.85"
175,20170410,"2,133.32"
176,20170407,"2,151.73"
177,20170406,"2,152.75"
178,20170405,"2,160.85"
179,20170404,"2,161.10"
180,20170403,"2,167.51"
181,20170331,"2,160.23"
182,20170330,"2,164.64"
183,20170329,"2,166.98"
184,20170328,"2,163.31"
185,20170327,"2,155.66"
186,20170324,"2,168.95"
187,20170323,"2,172.72"
188,20170322,"2,168.30"
189,20170321,"2,178.38"
190,20170320,"2,157.01"
191,20170317,"2,164.58"
192,20170316,"2,150.08"
193,20170315,"2,133.00"
194,20170314,"2,133.78"
195,20170313,"2,117.59"
196,20170310,"2,097.35"
197,20170309,"2,091.06"
198,20170308,"2,095.41"
199,20170307,"2,094.05"
200,20170306,"2,081.36"
201,20170303,"2,078.75"
202,20170302,"2,102.65"
203,20170228,"2,091.64"
204,20170227,"2,085.52"
205,20170224,"2,094.12"
206,20170223,"2,107.63"
207,20170222,"2,106.61"
208,20170221,"2,102.93"
209,20170220,"2,084.39"
210,20170217,"2,080.58"
211,20170216,"2,081.84"
212,20170215,"2,083.86"
213,20170214,"2,074.57"
214,20170213,"2,078.65"
215,20170210,"2,075.08"
216,20170209,"2,065.88"
217,20170208,"2,065.08"
218,20170207,"2,075.21"
219,20170206,"2,077.66"
220,20170203,"2,073.16"
221,20170202,"2,071.01"
222,20170201,"2,080.48"
223,20170131,"2,067.57"
224,20170126,"2,083.59"
225,20170125,"2,066.94"
226,20170124,"2,065.76"
227,20170123,"2,065.99"
228,20170120,"2,065.61"
229,20170119,"2,072.79"
230,20170118,"2,070.54"
231,20170117,"2,071.87"
232,20170116,"2,064.17"
233,20170113,"2,076.79"
234,20170112,"2,087.14"
235,20170111,"2,075.17"
236,20170110,"2,045.12"
237,20170109,"2,048.78"
238,20170106,"2,049.12"
239,20170105,"2,041.95"
240,20170104,"2,045.64"
241,20170103,"2,043.97"
242,20170102,"2,026.16"
0,20161229,"2,026.46"
1,20161228,"2,024.49"
2,20161227,"2,042.17"
3,20161226,"2,037.75"
4,20161223,"2,035.90"
5,20161222,"2,035.73"
6,20161221,"2,037.96"
7,20161220,"2,041.94"
8,20161219,"2,038.39"
9,20161216,"2,042.24"
10,20161215,"2,036.65"
11,20161214,"2,036.87"
12,20161213,"2,035.98"
13,20161212,"2,027.24"
14,20161209,"2,024.69"
15,20161208,"2,031.07"
16,20161207,"1,991.89"
17,20161206,"1,989.86"
18,20161205,"1,963.36"
19,20161202,"1,970.61"
20,20161201,"1,983.75"
21,20161130,"1,983.48"
22,20161129,"1,978.39"
23,20161128,"1,978.13"
24,20161125,"1,974.46"
25,20161124,"1,971.26"
26,20161123,"1,987.95"
27,20161122,"1,983.47"
28,20161121,"1,966.05"
29,20161118,"1,974.58"
30,20161117,"1,980.55"
31,20161116,"1,979.65"
32,20161115,"1,967.53"
33,20161114,"1,974.40"
34,20161111,"1,984.43"
35,20161110,"2,002.60"
36,20161109,"1,958.38"
37,20161108,"2,003.38"
38,20161107,"1,997.58"
39,20161104,"1,982.02"
40,20161103,"1,983.80"
41,20161102,"1,978.94"
42,20161101,"2,007.39"
43,20161031,"2,008.19"
44,20161028,"2,019.42"
45,20161027,"2,024.12"
46,20161026,"2,013.89"
47,20161025,"2,037.17"
48,20161024,"2,047.74"
49,20161021,"2,033.00"
50,20161020,"2,040.60"
51,20161019,"2,040.94"
52,20161018,"2,040.43"
53,20161017,"2,027.61"
54,20161014,"2,022.66"
55,20161013,"2,015.44"
56,20161012,"2,033.73"
57,20161011,"2,031.93"
58,20161010,"2,056.82"
59,20161007,"2,053.80"
60,20161006,"2,065.30"
61,20161005,"2,053.00"
62,20161004,"2,054.86"
63,20160930,"2,043.63"
64,20160929,"2,068.72"
65,20160928,"2,053.06"
66,20160927,"2,062.82"
67,20160926,"2,047.11"
68,20160923,"2,054.07"
69,20160922,"2,049.70"
70,20160921,"2,035.99"
71,20160920,"2,025.71"
72,20160919,"2,015.78"
73,20160913,"1,999.36"
74,20160912,"1,991.48"
75,20160909,"2,037.87"
76,20160908,"2,063.73"
77,20160907,"2,061.88"
78,20160906,"2,066.53"
79,20160905,"2,060.08"
80,20160902,"2,038.31"
81,20160901,"2,032.72"
82,20160831,"2,034.65"
83,20160830,"2,039.74"
84,20160829,"2,032.35"
85,20160826,"2,037.50"
86,20160825,"2,042.92"
87,20160824,"2,043.76"
88,20160823,"2,049.93"
89,20160822,"2,042.16"
90,20160819,"2,056.24"
91,20160818,"2,055.47"
92,20160817,"2,043.75"
93,20160816,"2,047.76"
94,20160812,"2,050.47"
95,20160811,"2,048.80"
96,20160810,"2,044.64"
97,20160809,"2,043.78"
98,20160808,"2,031.12"
99,20160805,"2,017.94"
100,20160804,"2,000.03"
101,20160803,"1,994.79"
102,20160802,"2,019.03"
103,20160801,"2,029.61"
104,20160729,"2,016.19"
105,20160728,"2,021.10"
106,20160727,"2,025.05"
107,20160726,"2,027.34"
108,20160725,"2,012.32"
109,20160722,"2,010.34"
110,20160721,"2,012.22"
111,20160720,"2,015.46"
112,20160719,"2,016.89"
113,20160718,"2,021.11"
114,20160715,"2,017.26"
115,20160714,"2,008.77"
116,20160713,"2,005.55"
117,20160712,"1,991.23"
118,20160711,"1,988.54"
119,20160708,"1,963.10"
120,20160707,"1,974.08"
121,20160706,"1,953.12"
122,20160705,"1,989.85"
123,20160704,"1,995.30"
124,20160701,"1,987.32"
125,20160630,"1,970.35"
126,20160629,"1,956.36"
127,20160628,"1,936.22"
128,20160627,"1,926.85"
129,20160624,"1,925.24"
130,20160623,"1,986.71"
131,20160622,"1,992.58"
132,20160621,"1,982.70"
133,20160620,"1,981.12"
134,20160617,"1,953.40"
135,20160616,"1,951.99"
136,20160615,"1,968.83"
137,20160614,"1,972.03"
138,20160613,"1,979.06"
139,20160610,"2,017.63"
140,20160609,"2,024.17"
141,20160608,"2,027.08"
142,20160607,"2,011.63"
143,20160603,"1,985.84"
144,20160602,"1,985.11"
145,20160601,"1,982.72"
146,20160531,"1,983.40"
147,20160530,"1,967.13"
148,20160527,"1,969.17"
149,20160526,"1,957.06"
150,20160525,"1,960.51"
151,20160524,"1,937.68"
152,20160523,"1,955.25"
153,20160520,"1,947.67"
154,20160519,"1,946.78"
155,20160518,"1,956.73"
156,20160517,"1,968.06"
157,20160516,"1,967.91"
158,20160513,"1,966.99"
159,20160512,"1,977.49"
160,20160511,"1,980.10"
161,20160510,"1,982.50"
162,20160509,"1,967.81"
163,20160504,"1,976.71"
164,20160503,"1,986.41"
165,20160502,"1,978.15"
166,20160429,"1,994.15"
167,20160428,"2,000.93"
168,20160427,"2,015.40"
169,20160426,"2,019.63"
170,20160425,"2,014.55"
171,20160422,"2,015.49"
172,20160421,"2,022.10"
173,20160420,"2,005.83"
174,20160419,"2,011.36"
175,20160418,"2,009.10"
176,20160415,"2,014.71"
177,20160414,"2,015.93"
178,20160412,"1,981.32"
179,20160411,"1,970.37"
180,20160408,"1,972.05"
181,20160407,"1,973.89"
182,20160406,"1,971.32"
183,20160405,"1,962.74"
184,20160404,"1,978.97"
185,20160401,"1,973.57"
186,20160331,"1,995.85"
187,20160330,"2,002.14"
188,20160329,"1,994.91"
189,20160328,"1,982.54"
190,20160325,"1,983.81"
191,20160324,"1,985.97"
192,20160323,"1,995.12"
193,20160322,"1,996.81"
194,20160321,"1,989.76"
195,20160318,"1,992.12"
196,20160317,"1,987.99"
197,20160316,"1,974.90"
198,20160315,"1,969.97"
199,20160314,"1,972.27"
200,20160311,"1,971.41"
201,20160310,"1,969.33"
202,20160309,"1,952.95"
203,20160308,"1,946.12"
204,20160307,"1,957.87"
205,20160304,"1,955.63"
206,20160303,"1,958.17"
207,20160302,"1,947.42"
208,20160229,"1,916.66"
209,20160226,"1,920.16"
210,20160225,"1,918.57"
211,20160224,"1,912.53"
212,20160223,"1,914.22"
213,20160222,"1,916.36"
214,20160219,"1,916.24"
215,20160218,"1,908.84"
216,20160217,"1,883.94"
217,20160216,"1,888.30"
218,20160215,"1,862.20"
219,20160212,"1,835.28"
220,20160211,"1,861.54"
221,20160205,"1,917.79"
222,20160204,"1,916.26"
223,20160203,"1,890.67"
224,20160202,"1,906.60"
225,20160201,"1,924.82"
226,20160129,"1,912.06"
227,20160128,"1,906.94"
228,20160127,"1,897.87"
229,20160126,"1,871.69"
230,20160125,"1,893.43"
231,20160122,"1,879.43"
232,20160121,"1,840.53"
233,20160120,"1,845.45"
234,20160119,"1,889.64"
235,20160118,"1,878.45"
236,20160115,"1,878.87"
237,20160114,"1,900.01"
238,20160113,"1,916.28"
239,20160112,"1,890.86"
240,20160111,"1,894.84"
241,20160108,"1,917.62"
242,20160107,"1,904.33"
243,20160106,"1,925.43"
244,20160105,"1,930.53"
245,20160104,"1,918.76"
0,20151230,"1,961.31"
1,20151229,"1,966.31"
2,20151228,"1,964.06"
3,20151224,"1,990.65"
4,20151223,"1,999.22"
5,20151222,"1,992.56"
6,20151221,"1,981.19"
7,20151218,"1,975.32"
8,20151217,"1,977.96"
9,20151216,"1,969.40"
10,20151215,"1,932.97"
11,20151214,"1,927.82"
12,20151211,"1,948.62"
13,20151210,"1,952.07"
14,20151209,"1,948.24"
15,20151208,"1,949.04"
16,20151207,"1,963.67"
17,20151204,"1,974.40"
18,20151203,"1,994.07"
19,20151202,"2,009.29"
20,20151201,"2,023.93"
21,20151130,"1,991.97"
22,20151127,"2,028.99"
23,20151126,"2,030.68"
24,20151125,"2,009.42"
25,20151124,"2,016.29"
26,20151123,"2,003.70"
27,20151120,"1,989.86"
28,20151119,"1,988.91"
29,20151118,"1,962.88"
30,20151117,"1,963.58"
31,20151116,"1,943.02"
32,20151113,"1,973.29"
33,20151112,"1,993.36"
34,20151111,"1,997.27"
35,20151110,"1,996.59"
36,20151109,"2,025.70"
37,20151106,"2,041.07"
38,20151105,"2,049.41"
39,20151104,"2,052.77"
40,20151103,"2,048.40"
41,20151102,"2,035.24"
42,20151030,"2,029.47"
43,20151029,"2,034.16"
44,20151028,"2,042.51"
45,20151027,"2,044.65"
46,20151026,"2,048.08"
47,20151023,"2,040.40"
48,20151022,"2,023.00"
49,20151021,"2,042.98"
50,20151020,"2,039.36"
51,20151019,"2,030.27"
52,20151016,"2,030.26"
53,20151015,"2,033.27"
54,20151014,"2,009.55"
55,20151013,"2,019.05"
56,20151012,"2,021.63"
57,20151008,"2,019.53"
58,20151007,"2,005.84"
59,20151006,"1,990.65"
60,20151005,"1,978.25"
61,20151002,"1,969.68"
62,20151001,"1,979.32"
63,20150930,"1,962.81"
64,20150925,"1,942.85"
65,20150924,"1,947.10"
66,20150923,"1,944.64"
67,20150922,"1,982.06"
68,20150921,"1,964.68"
69,20150918,"1,995.95"
70,20150917,"1,976.49"
71,20150916,"1,975.45"
72,20150915,"1,937.56"
73,20150914,"1,931.46"
74,20150911,"1,941.37"
75,20150910,"1,962.11"
76,20150909,"1,934.20"
77,20150908,"1,878.68"
78,20150907,"1,883.22"
79,20150904,"1,886.04"
80,20150903,"1,915.53"
81,20150902,"1,915.22"
82,20150901,"1,914.23"
83,20150831,"1,941.49"
84,20150828,"1,937.67"
85,20150827,"1,908.00"
86,20150826,"1,894.09"
87,20150825,"1,846.63"
88,20150824,"1,829.81"
89,20150821,"1,876.07"
90,20150820,"1,914.55"
91,20150819,"1,939.38"
92,20150818,"1,956.26"
93,20150817,"1,968.52"
94,20150813,"1,983.46"
95,20150812,"1,975.47"
96,20150811,"1,986.65"
97,20150810,"2,003.17"
98,20150807,"2,010.23"
99,20150806,"2,013.29"
100,20150805,"2,029.76"
101,20150804,"2,027.99"
102,20150803,"2,008.49"
103,20150731,"2,030.16"
104,20150730,"2,019.03"
105,20150729,"2,037.62"
106,20150728,"2,039.10"
107,20150727,"2,038.81"
108,20150724,"2,045.96"
109,20150723,"2,065.07"
110,20150722,"2,064.73"
111,20150721,"2,083.62"
112,20150720,"2,073.31"
113,20150717,"2,076.79"
114,20150716,"2,087.89"
115,20150715,"2,072.91"
116,20150714,"2,059.23"
117,20150713,"2,061.52"
118,20150710,"2,031.17"
119,20150709,"2,027.81"
120,20150708,"2,016.21"
121,20150707,"2,040.29"
122,20150706,"2,053.93"
123,20150703,"2,104.41"
124,20150702,"2,107.33"
125,20150701,"2,097.89"
126,20150630,"2,074.20"
127,20150629,"2,060.49"
128,20150626,"2,090.26"
129,20150625,"2,085.06"
130,20150624,"2,085.53"
131,20150623,"2,081.20"
132,20150622,"2,055.16"
133,20150619,"2,046.96"
134,20150618,"2,041.88"
135,20150617,"2,034.86"
136,20150616,"2,028.72"
137,20150615,"2,042.32"
138,20150612,"2,052.17"
139,20150611,"2,056.61"
140,20150610,"2,051.32"
141,20150609,"2,064.03"
142,20150608,"2,065.19"
143,20150605,"2,068.10"
144,20150604,"2,072.86"
145,20150603,"2,063.16"
146,20150602,"2,078.64"
147,20150601,"2,102.37"
148,20150529,"2,114.80"
149,20150528,"2,110.89"
150,20150527,"2,107.50"
151,20150526,"2,143.50"
152,20150522,"2,146.10"
153,20150521,"2,122.81"
154,20150520,"2,139.54"
155,20150519,"2,120.85"
156,20150518,"2,113.72"
157,20150515,"2,106.50"
158,20150514,"2,120.33"
159,20150513,"2,114.16"
160,20150512,"2,096.77"
161,20150511,"2,097.38"
162,20150508,"2,085.52"
163,20150507,"2,091.00"
164,20150506,"2,104.58"
165,20150504,"2,132.23"
166,20150430,"2,127.17"
167,20150429,"2,142.63"
168,20150428,"2,147.67"
169,20150427,"2,157.54"
170,20150424,"2,159.80"
171,20150423,"2,173.41"
172,20150422,"2,143.89"
173,20150421,"2,144.79"
174,20150420,"2,146.71"
175,20150417,"2,143.50"
176,20150416,"2,139.90"
177,20150415,"2,119.96"
178,20150414,"2,111.72"
179,20150413,"2,098.92"
180,20150410,"2,087.76"
181,20150409,"2,058.87"
182,20150408,"2,059.26"
183,20150407,"2,047.03"
184,20150406,"2,046.43"
185,20150403,"2,045.42"
186,20150402,"2,029.07"
187,20150401,"2,028.45"
188,20150331,"2,041.03"
189,20150330,"2,030.04"
190,20150327,"2,019.80"
191,20150326,"2,022.56"
192,20150325,"2,042.81"
193,20150324,"2,041.37"
194,20150323,"2,036.59"
195,20150320,"2,037.24"
196,20150319,"2,037.89"
197,20150318,"2,028.45"
198,20150317,"2,029.91"
199,20150316,"1,987.33"
200,20150313,"1,985.79"
201,20150312,"1,970.59"
202,20150311,"1,980.83"
203,20150310,"1,984.77"
204,20150309,"1,992.82"
205,20150306,"2,012.94"
206,20150305,"1,998.38"
207,20150304,"1,998.29"
208,20150303,"2,001.38"
209,20150302,"1,996.81"
210,20150227,"1,985.80"
211,20150226,"1,993.08"
212,20150225,"1,990.47"
213,20150224,"1,976.12"
214,20150223,"1,968.39"
215,20150217,"1,961.45"
216,20150216,"1,958.23"
217,20150213,"1,957.50"
218,20150212,"1,941.63"
219,20150211,"1,945.70"
220,20150210,"1,935.86"
221,20150209,"1,947.00"
222,20150206,"1,955.52"
223,20150205,"1,952.84"
224,20150204,"1,962.79"
225,20150203,"1,951.96"
226,20150202,"1,952.68"
227,20150130,"1,949.26"
228,20150129,"1,951.02"
229,20150128,"1,961.58"
230,20150127,"1,952.40"
231,20150126,"1,935.68"
232,20150123,"1,936.09"
233,20150122,"1,920.82"
234,20150121,"1,921.23"
235,20150120,"1,918.31"
236,20150119,"1,902.62"
237,20150116,"1,888.13"
238,20150115,"1,914.14"
239,20150114,"1,913.66"
240,20150113,"1,917.14"
241,20150112,"1,920.95"
242,20150109,"1,924.70"
243,20150108,"1,904.65"
244,20150107,"1,883.83"
245,20150106,"1,882.45"
246,20150105,"1,915.75"
247,20150102,"1,926.44"
0,20141230,"1,915.59"
1,20141229,"1,927.86"
2,20141226,"1,948.16"
3,20141224,"1,946.61"
4,20141223,"1,939.02"
5,20141222,"1,943.12"
6,20141219,"1,929.98"
7,20141218,"1,897.50"
8,20141217,"1,900.16"
9,20141216,"1,904.13"
10,20141215,"1,920.36"
11,20141212,"1,921.71"
12,20141211,"1,916.59"
13,20141210,"1,945.56"
14,20141209,"1,970.95"
15,20141208,"1,978.95"
16,20141205,"1,986.62"
17,20141204,"1,986.61"
18,20141203,"1,969.91"
19,20141202,"1,965.83"
20,20141201,"1,965.22"
21,20141128,"1,980.78"
22,20141127,"1,982.09"
23,20141126,"1,980.84"
24,20141125,"1,980.21"
25,20141124,"1,978.54"
26,20141121,"1,964.84"
27,20141120,"1,958.04"
28,20141119,"1,966.87"
29,20141118,"1,967.01"
30,20141117,"1,943.63"
31,20141114,"1,945.14"
32,20141113,"1,960.51"
33,20141112,"1,967.27"
34,20141111,"1,963.00"
35,20141110,"1,958.23"
36,20141107,"1,939.87"
37,20141106,"1,936.48"
38,20141105,"1,931.43"
39,20141104,"1,935.19"
40,20141103,"1,952.97"
41,20141031,"1,964.43"
42,20141030,"1,958.93"
43,20141029,"1,961.17"
44,20141028,"1,925.68"
45,20141027,"1,931.97"
46,20141024,"1,925.69"
47,20141023,"1,931.65"
48,20141022,"1,936.97"
49,20141021,"1,915.28"
50,20141020,"1,930.06"
51,20141017,"1,900.66"
52,20141016,"1,918.83"
53,20141015,"1,925.91"
54,20141014,"1,929.25"
55,20141013,"1,927.21"
56,20141010,"1,940.92"
57,20141008,"1,965.25"
58,20141007,"1,972.91"
59,20141006,"1,968.39"
60,20141002,"1,976.16"
61,20141001,"1,991.54"
62,20140930,"2,020.09"
63,20140929,"2,026.60"
64,20140926,"2,031.64"
65,20140925,"2,034.11"
66,20140924,"2,035.64"
67,20140923,"2,028.91"
68,20140922,"2,039.27"
69,20140919,"2,053.82"
70,20140918,"2,047.74"
71,20140917,"2,062.61"
72,20140916,"2,042.92"
73,20140915,"2,035.82"
74,20140912,"2,041.86"
75,20140911,"2,034.16"
76,20140905,"2,049.41"
77,20140904,"2,056.26"
78,20140903,"2,051.20"
79,20140902,"2,051.58"
80,20140901,"2,067.86"
81,20140829,"2,068.54"
82,20140828,"2,075.76"
83,20140827,"2,074.93"
84,20140826,"2,068.05"
85,20140825,"2,060.89"
86,20140822,"2,056.70"
87,20140821,"2,044.21"
88,20140820,"2,072.78"
89,20140819,"2,071.14"
90,20140818,"2,053.13"
91,20140814,"2,063.22"
92,20140813,"2,062.36"
93,20140812,"2,041.47"
94,20140811,"2,039.37"
95,20140808,"2,031.10"
96,20140807,"2,054.51"
97,20140806,"2,060.73"
98,20140805,"2,066.26"
99,20140804,"2,080.42"
100,20140801,"2,073.10"
101,20140731,"2,076.12"
102,20140730,"2,082.61"
103,20140729,"2,061.97"
104,20140728,"2,048.81"
105,20140725,"2,033.85"
106,20140724,"2,026.62"
107,20140723,"2,028.32"
108,20140722,"2,028.93"
109,20140721,"2,018.50"
110,20140718,"2,019.42"
111,20140717,"2,020.90"
112,20140716,"2,013.48"
113,20140715,"2,012.72"
114,20140714,"1,993.88"
115,20140711,"1,988.74"
116,20140710,"2,002.84"
117,20140709,"2,000.50"
118,20140708,"2,006.66"
119,20140707,"2,005.12"
120,20140704,"2,009.66"
121,20140703,"2,010.97"
122,20140702,"2,015.28"
123,20140701,"1,999.00"
124,20140630,"2,002.21"
125,20140627,"1,988.51"
126,20140626,"1,995.05"
127,20140625,"1,981.77"
128,20140624,"1,994.35"
129,20140623,"1,974.92"
130,20140620,"1,968.07"
131,20140619,"1,992.03"
132,20140618,"1,989.49"
133,20140617,"2,001.55"
134,20140616,"1,993.59"
135,20140613,"1,990.85"
136,20140612,"2,011.65"
137,20140611,"2,014.67"
138,20140610,"2,011.80"
139,20140609,"1,990.04"
140,20140605,"1,995.48"
141,20140603,"2,008.56"
142,20140602,"2,002.00"
143,20140530,"1,994.96"
144,20140529,"2,012.26"
145,20140528,"2,017.06"
146,20140527,"1,997.63"
147,20140526,"2,010.35"
148,20140523,"2,017.17"
149,20140522,"2,015.59"
150,20140521,"2,008.33"
151,20140520,"2,011.26"
152,20140519,"2,015.14"
153,20140516,"2,013.44"
154,20140515,"2,010.20"
155,20140514,"2,010.83"
156,20140513,"1,982.93"
157,20140512,"1,964.94"
158,20140509,"1,956.55"
159,20140508,"1,950.60"
160,20140507,"1,939.88"
161,20140502,"1,959.44"
162,20140430,"1,961.79"
163,20140429,"1,964.77"
164,20140428,"1,969.26"
165,20140425,"1,971.66"
166,20140424,"1,998.34"
167,20140423,"2,000.37"
168,20140422,"2,004.22"
169,20140421,"1,999.22"
170,20140418,"2,004.28"
171,20140417,"1,992.05"
172,20140416,"1,992.21"
173,20140415,"1,992.27"
174,20140414,"1,997.02"
175,20140411,"1,997.44"
176,20140410,"2,008.61"
177,20140409,"1,998.95"
178,20140408,"1,993.03"
179,20140407,"1,989.70"
180,20140404,"1,988.09"
181,20140403,"1,993.70"
182,20140402,"1,997.25"
183,20140401,"1,991.98"
184,20140331,"1,985.61"
185,20140328,"1,981.00"
186,20140327,"1,977.97"
187,20140326,"1,964.31"
188,20140325,"1,941.25"
189,20140324,"1,945.55"
190,20140321,"1,934.94"
191,20140320,"1,919.52"
192,20140319,"1,937.68"
193,20140318,"1,940.21"
194,20140317,"1,927.53"
195,20140314,"1,919.90"
196,20140313,"1,934.38"
197,20140312,"1,932.54"
198,20140311,"1,963.87"
199,20140310,"1,954.42"
200,20140307,"1,974.68"
201,20140306,"1,975.62"
202,20140305,"1,971.24"
203,20140304,"1,954.11"
204,20140303,"1,964.69"
205,20140228,"1,979.99"
206,20140227,"1,978.43"
207,20140226,"1,970.77"
208,20140225,"1,964.86"
209,20140224,"1,949.05"
210,20140221,"1,957.83"
211,20140220,"1,930.57"
212,20140219,"1,942.93"
213,20140218,"1,946.91"
214,20140217,"1,946.36"
215,20140214,"1,940.28"
216,20140213,"1,926.96"
217,20140212,"1,935.84"
218,20140211,"1,932.06"
219,20140210,"1,923.30"
220,20140207,"1,922.50"
221,20140206,"1,907.89"
222,20140205,"1,891.32"
223,20140204,"1,886.85"
224,20140203,"1,919.96"
225,20140129,"1,941.15"
226,20140128,"1,916.93"
227,20140127,"1,910.34"
228,20140124,"1,940.56"
229,20140123,"1,947.59"
230,20140122,"1,970.42"
231,20140121,"1,963.89"
232,20140120,"1,953.78"
233,20140117,"1,944.48"
234,20140116,"1,957.32"
235,20140115,"1,953.28"
236,20140114,"1,946.07"
237,20140113,"1,948.92"
238,20140110,"1,938.54"
239,20140109,"1,946.11"
240,20140108,"1,958.96"
241,20140107,"1,959.44"
242,20140106,"1,953.28"
243,20140103,"1,946.14"
244,20140102,"1,967.19"
